id,type,app,module,message,DES.src,DES.dst,TOPO.src,TOPO.dst,module.src,service,time_in,time_out,time_emit,time_reception
1,COMP_M,10,10_143,M.USER.APP.10,14,285,199,199,None,387.85981308411215,1,388.85981308411215,1.0,1.0
2,COMP_M,3,3_52,M.USER.APP.3,4,136,183,183,None,423.55045871559633,7,430.55045871559633,7.0,7.0
3,COMP_M,1,1_19,M.USER.APP.1,1,91,193,193,None,72.16850393700787,28,100.16850393700787,28.0,28.0
7,COMP_M,5,5_75,M.USER.APP.5,7,165,195,195,None,147.26978417266187,51,198.26978417266187,51.0,51.0
4,COMP_M,8,8_114,M.USER.APP.8,10,253,187,195,None,191.41726618705036,83.00000110149631,274.41726728854667,29.0,83.00000110149631
8,COMP_M,19,19_235,M.USER.APP.19,28,472,194,194,None,64.99083619702176,91,155.99083619702176,91.0,91.0
